"model","neg_loglik","AIC"
"constant_poisson",197.854753253713,397.709506507427
"covariate_poisson",130.266658915179,264.533317830357
"naive_hawkes",160.308673759502,326.617347519004
