"model","neg_loglik","AIC"
"covariate_poisson",159.783710580018,323.567421160036
"covariate_hawkes",148.68430908523,305.36861817046
