"T_end","dt","B_boot","true_mu0","true_mu1","true_alpha","true_beta","n_events_obs","LR_obs","p_chisq_obs","p_boot","crit_boot_95","crit_chisq_95","mu0_null_hat","mu1_null_hat","alpha_full_obs","beta_full_obs"
250,0.01,100,-0.5,0.7,0.7,2.5,270,69.1208203624496,9.26124944036577e-17,0.0099009900990099,5.40211123930632,3.84145882069413,-0.0492980075368376,0.73947877695242,1.04790124132926,2.7320130661169
