"n_events","mu0_null","mu1_null","mu0_full","mu1_full","alpha_full","beta_full","loglik_null","loglik_full","LR","p_chisq","conv_null","conv_full","p_boot","B_boot","n_success","crit_boot_95","crit_chisq_95","mu0_true","mu1_true","alpha_true","beta_true"
270,-0.0492980075368376,0.73947877695242,-0.59642282730469,0.865893733071561,1.04790165873738,2.73201410576,-201.204238703309,-166.64382852209,69.1208203624389,9.26124944041621e-17,0,0,0.0099009900990099,100,100,5.40215787772189,3.84145882069413,-0.5,0.7,0.7,2.5
