"T_end","n_runs","mean_events","sd_events","mean_mu0","sd_mu0","mean_mu1","sd_mu1","mean_alpha","sd_alpha","mean_beta","sd_beta","rejection_cov_5pct","rejection_hawkes_5pct","conv_full_rate","conv_no_cov_rate","conv_no_hawkes_rate"
100,20,101.25,15.0013157317687,-0.530465551719963,0.140871071351334,0.679994799400859,0.124731996286212,0.815216979316704,0.407237980924073,2.75955301744692,1.48829649473654,1,0.95,1,1,1
250,20,255.9,20.7868885801148,-0.481752566432549,0.141559938167623,0.737085136445685,0.149628819179603,0.751149700742411,0.228600593148108,2.82608222766189,0.925180577829043,1,1,1,1,1
500,20,493.55,39.4774752565508,-0.514758042400563,0.0838767982184304,0.719230043574878,0.0686437878272845,0.726283684306583,0.2121388014665,2.58008190115232,0.686915914122499,1,1,1,1,1
