"scenario","n_runs","mu1_true","alpha_true","mean_events","sd_events","mean_mu0","mean_mu1","mean_alpha","mean_beta","sd_mu0","sd_mu1","sd_alpha","sd_beta","rejection_cov_5pct","rejection_hawkes_5pct","median_p_cov","median_p_hawkes","conv_full_rate","conv_no_cov_rate","conv_no_hawkes_rate"
"no_covariate",100,0,0.7,212.3,21.6564078277077,-0.501993899464963,0.009007849380125,0.702333448500384,2.72158600095946,0.122596580544173,0.112334762578926,0.208381945714562,1.07644430477928,0.06,0.99,0.589113723745118,2.32422552031101e-07,1,1,1
"no_hawkes",100,0.7,0,176.42,15.4528804807232,-0.605519255256951,0.740106076377096,0.123577546039908,348840.129104184,0.175387485958173,0.139229141319434,0.275508373458172,3488281.32595641,1,0.1,3.22070935562932e-11,0.557859646189218,1,1,1
