"model","neg_loglik","AIC"
"ou_covariate_poisson",147.608722146518,299.217444293035
"ou_covariate_hawkes",139.177098624559,286.354197249118
