"parameter","rho_hat"
"log_mu",0.856693542895503
"log_alpha",0.31030642184349
"log_beta",-0.309507218998616
