"parameter","se_total","sigma_hat_asymptotic"
"log_mu",0.0666942317840452,2.10905679232778
"log_alpha",0.200158163580302,6.32955689190317
"log_beta",0.24825052696688,7.85037095552392
