"parameter","se_total","sigma_hat_asymptotic"
"log_mu",0.0675470619537607,2.13602565026387
"log_alpha",0.175789749944296,5.55895999135433
"log_beta",0.195430616853553,6.18005873788916
