"n","mean_z","var_z","median_z","ks_statistic","ks_p_value"
1124,0.999384328042227,0.998193267126124,0.720753143572935,0.0209203056112106,0.708942571103583
